1621,마정초교(병설),경기도 오산시 가수동 113-3번지,Y,2, ,37.892197,126.760046,
1622,임진초교(병설),경기도 오산시 가수동 113-3번지,Y,1, ,37.854761,126.784922,
1623,자유초교(병설),경기도 오산시 가수동 113-3번지,Y,1, ,37.865365,126.786737,
1624,파양초교(병설),경기도 오산시 가수동 113-3번지,Y,1, ,37.861146,126.836468,
1625,문산중앙유치원,경기도 오산시 가수동 25번지,Y,1, ,37.872581,126.808657,
1626,천현초교(병설),경기도 오산시 가수동 25번지,Y,4, ,37.849366,126.877842,
1627,법원초교(병설),경기도 오산시 가수동 25번지,Y,1, ,37.856739,126.880061,
1628,금화초교(병설),경기도 오산시 가수동 25번지,Y,1, ,37.754943,126.767923,
1629,파주송화초교(병설),경기도 오산시 가수동 76번지,Y,1, ,37.774447,126.778917,
1630,꿈의유치원,경기도 오산시 가수동 76번지,Y,1, ,37.770767,126.773302,
1631,마지초교(병설),경기도 오산시 가수동 76번지,Y,1, ,37.951908,126.919431,
1632,수정유치원,경기도 오산시 가수동 76번지,Y,1, ,37.735636,126.802154,
1633,동문한우리유치원,경기도 오산시 가장동 375-5번지,Y,2, ,37.727177,126.818375,
1634,덕암초교(병설),경기도 오산시 가장동 375-5번지,Y,2, ,37.765254,126.819371,
1635,교하슬기유치원,경기도 오산시 가장동 375-5번지,Y,1, ,37.721519,126.719998,
1636,두일초교(병설),경기도 오산시 가장동 375-5번지,Y,1, ,37.719701,126.713519,
1637,탄현초교(병설),경기도 오산시 갈곶동 106번지,Y,1, ,37.803399,126.717325,
1638,통일초교(병설),경기도 오산시 갈곶동 106번지,Y,2, ,37.774772,126.703904,
1639,갈현초교(병설),경기도 오산시 갈곶동 106번지,Y,1, ,37.771774,126.716465,
1640,연풍초교(병설),경기도 오산시 갈곶동 106번지,Y,2, ,37.831115,126.834588,
1641,파주초교(병설),경기도 오산시 갈곶동 251번지 우림아파트,Y,2, ,37.832036,126.814899,
1642,장파초교(병설),경기도 오산시 갈곶동 251번지 우림아파트,Y,1, ,37.941318,126.837765,
1643,와석초교(병설),경기도 오산시 갈곶동 251번지 우림아파트,Y,1, ,37.710405,126.753146,
1644,해솔초교(병설),경기도 오산시 갈곶동 251번지 우림아파트,Y,1, ,37.726515,126.747284,
1645,드림유치원,경기도 오산시 갈곶동 258번지,Y,1, ,37.727989,126.746068,
1646,금릉초교(병설),경기도 오산시 갈곶동 258번지,Y,1, ,37.752418,126.772845,
1647,돌곶이어린이집,경기도 오산시 갈곶동 258번지,Y,2, ,37.714526,126.696834,
1648,삼성초교(병설),경기도 오산시 갈곶동 258번지,Y,1, ,37.825551,126.732799,
1649,파주국제유치원,경기도 오산시 갈곶동 270-1번지,Y,1, ,37.867398,126.760507,
1650,무지개어린이집,경기도 오산시 갈곶동 270-1번지,Y,1, ,37.758058,126.794654,
1651,새홍익유치원,경기도 오산시 갈곶동 270-1번지,Y,1, ,37.771401,126.771793,
1652,이솝어린이집,경기도 오산시 갈곶동 270-1번지,Y,1, ,37.871621,126.808218,
1653,모아키즈플러스어린이집,경기도 오산시 갈곶동 273-19번지,Y,1, ,37.752497,126.812288,
1654,큰별아이어린이집,경기도 오산시 갈곶동 273-19번지,Y,1, ,37.732215,126.808641,
1655,이솔어린이집,경기도 오산시 갈곶동 273-19번지,Y,1, ,37.738382,126.752416,
1656,큰나무희망어린이집,경기도 오산시 갈곶동 273-19번지,Y,1, ,37.728982,126.715264,
1657,성남은행초등학교,경기도 오산시 갈곶동 302-23번지,Y,4,4~6,37.461002,127.170903,
1658,성남중앙초등학교,경기도 오산시 갈곶동 302-23번지,Y,5,4~8,37.436253,127.143561,
1659,단남초등학교,경기도 오산시 갈곶동 302-23번지,Y,2,6,37.442905,127.161374,
1660,대원초등학교,경기도 오산시 갈곶동 302-23번지,Y,6,4~6,37.430523,127.137211,
1661,대일초등학교,경기도 오산시 고현동 34번지,Y,3,4~5,37.440306,127.162159,
1662,대하초등학교,경기도 오산시 고현동 34번지,Y,3,8~20,37.431908,127.151303,
1663,성남제일초등학교,경기도 오산시 고현동 34번지,Y,2,4~12,37.438906,127.149609,
1664,성남북초등학교,경기도 오산시 고현동 34번지,Y,6,5~15,37.451691,127.150928,
1665,성남수정초등학교,경기도 오산시 고현동 73-1번지 이림유치원,Y,6,4~12,37.434276,127.131931,
1666,수진초등학교,경기도 오산시 고현동 73-1번지 이림유치원,Y,10,5~14,37.444608,127.133041,
1667,희망대초등학교,경기도 오산시 고현동 73-1번지 이림유치원,Y,5,4~9,37.446831,127.149123,
1668,성남서초등학교,경기도 오산시 고현동 73-1번지 이림유치원,Y,4,8~12,37.448581,127.129403,
1669,성남신흥초등학교,경기도 오산시 고현동 92번지,Y,2,8,37.450552,127.143485,
1670,단대초등학교,경기도 오산시 고현동 92번지,Y,9,4~8,37.453163,127.157483,
1671,복정초등학교,경기도 오산시 고현동 92번지,Y,6,6~7,37.462301,127.129431,
1672,성남양지초등학교,경기도 오산시 고현동 92번지,Y,3,4~6,37.459912,127.161927,
1673,위례고운초등학교,경기도 오산시 궐동 55-21번지,N,0,16,37.4708941,127.1458268,
1674,위례한빛초등학교,경기도 오산시 궐동 55-21번지,Y,1,9.5,37.465543,127.146881,
1675,위례푸른초등학교,경기도 오산시 궐동 55-21번지,N,0,9.5~16,37.470203,127.150981,
1676,위례중앙초등학교,경기도 오산시 궐동 55-21번지,Y,1,25~44,37.471727,127.138474,
1677,금상초등학교,경기도 오산시 궐동 55-7번지,Y,9,4~12,37.443137,127.166149,
1678,상원초등학교,경기도 오산시 궐동 55-7번지,Y,5,8~12,37.453885,127.162776,
1679,불정초등학교,경기도 오산시 궐동 55-7번지,Y,3,35,37.361254,127.119496,
1680,상탑초등학교,경기도 오산시 궐동 55-7번지,Y,2,8~17,37.406224,127.145734,
1681,서현초등학교,경기도 오산시 궐동 621-1번지,Y,3,12,37.382577,127.128549,
1682,성남신기초등학교,경기도 오산시 궐동 621-1번지,Y,3,20,37.366582,127.111061,
1683,성남장안초등학교,경기도 오산시 궐동 621-1번지,Y,3,14,37.372662,127.144461,
1684,안말초등학교,경기도 오산시 궐동 621-1번지,Y,2,12~15,37.393154,127.125984,
1685,야탑초등학교,경기도 오산시 궐동 621-9번지,Y,8,12,37.416617,127.125625,
1686,오리초등학교,경기도 오산시 궐동 621-9번지,Y,3,30,37.344351,127.115379,
1687,이매초등학교,경기도 오산시 궐동 621-9번지,Y,2,12,37.397208,127.126492,
1688,청솔초등학교,경기도 오산시 궐동 621-9번지,Y,3,25,37.354657,127.114099,
1689,연천초등학교,경기도 오산시 궐동 636-2번지,Y,8,12,38.0976955,127.0733125,
1690,연천초등학교 고문분교,경기도 오산시 궐동 636-2번지,Y,4,6,38.0653085,127.110852,
1691,상리초등학교,경기도 오산시 궐동 636-2번지,Y,3,7,38.135303,127.0730345,
1692,전곡초등학교,경기도 오산시 궐동 636-2번지,Y,12,10,38.027393,127.0701213,
1693,전곡초등학교 적동분교,경기도 오산시 궐동 661번지,Y,4,6.5,37.9404355,126.9985537,
1694,은대초등학교,경기도 오산시 궐동 661번지,Y,3,6,38.052768,127.0580937,
1695,군남초등학교,경기도 오산시 궐동 661번지,Y,4,7,38.0673201,127.0138015,
1696,화진초등학교,경기도 오산시 궐동 661번지,Y,4,7,38.0304619,127.0376022,
1697,궁평초등학교,경기도 오산시 금암동 486번지,Y,7,7.5,38.0279364,127.1024366,
1698,백의초등학교,경기도 오산시 금암동 486번지,Y,8,7,38.0176791,127.093068,
1699,초성초등학교,경기도 오산시 금암동 486번지,Y,11,7,37.9983801,127.071071,
1700,백학초등학교,경기도 오산시 금암동 486번지,Y,4,6,38.0319219,126.9195792,
1701,연천노곡초등학교,경기도 오산시 금암동 510번지,Y,4,6.5,37.9987633,126.9146374,
1702,연천왕산초등학교,경기도 오산시 금암동 510번지,Y,4,7,38.0559566,127.0094426,
1703,대광초등학교,경기도 오산시 금암동 510번지,Y,8,7,38.1829912,127.1032496,
1704,본원유치원,경기도 오산시 금암동 510번지,Y,4,12,38.0246704,127.0717297,
1705,도평초교,경기도 오산시 금암동 518번지,Y,4,6,38.0563606,127.3807434,
1706,가산초교,경기도 오산시 금암동 518번지,Y,13,6,37.8478563,127.1852303,
1707,영중초교,경기도 오산시 금암동 518번지,Y,1,13,38.0151101,127.2484782,
1708,이동초교,경기도 오산시 금암동 518번지,Y,6,7,38.0297019,127.36815,
1709,중리초교,경기도 오산시 금암동 520번지,Y,4,7,38.10522996,127.2044356,
1710,창수초교,경기도 오산시 금암동 520번지,Y,1,7,37.9900243,127.1819642,
1711,태봉초교,경기도 오산시 금암동 520번지,Y,4,13,37.8344047,127.1449997,
1712,외북초교,경기도 오산시 금암동 520번지,Y,4,7,37.9469096,127.1874714,
1713,효성유치원,경기도 오산시 금암동 534-1번지,Y,1,7.5,37.90810591,127.0552728,
1714,해바라기재능유치원,경기도 오산시 금암동 534-1번지,Y,1,6,37.90707472,127.0698042,
1715,광암어린이집,경기도 오산시 금암동 534-1번지,Y,1,5,37.89612459,127.0886123,
1716,내행어린이집,경기도 오산시 금암동 534-1번지,Y,1,6.5,37.89884513,127.0607006,
1717,보산어린이집,경기도 오산시 내삼미동 859-14번지 숲속사랑유치원,Y,1,6.8,37.91790852,127.061799,
1718,안흥어린이집,경기도 오산시 내삼미동 859-14번지 숲속사랑유치원,Y,1,13,37.93048407,127.0499617,
1719,이담어린이집,경기도 오산시 내삼미동 859-14번지 숲속사랑유치원,Y,1,16,37.88894923,127.0530576,
1720,해오름어린이집,경기도 오산시 내삼미동 859-14번지 숲속사랑유치원,Y,1,6.5,37.95641006,127.0566153,
1721,창말어린이집,경기도 오산시 내삼미동 879번지,Y,1,7,37.93466978,127.0541688,
1722,상패어린이집,경기도 오산시 내삼미동 879번지,Y,1,15,37.90604553,127.0444508,
1723,예그린어린이집,경기도 오산시 내삼미동 879번지,Y,1,5.5,37.89232747,127.0645152,
1724,리라어린이집,경기도 오산시 내삼미동 879번지,Y,1,5.5,37.88770708,127.0582496,
1725,동두천미술어린이집,경기도 오산시 내삼미동 886번지,Y,1,7,37.88984697,127.0597519,
1726,꿈나래어린이집,경기도 오산시 내삼미동 886번지,N,0,12,37.88907038,127.0631663,
1727,좋은열매어린이집,경기도 오산시 내삼미동 886번지,N,0,8,37.89976311,127.0471121,
1728,보산초등학교,경기도 오산시 내삼미동 886번지,Y,1,16,37.91494153,127.0638435,
1729,생연초등학교,경기도 오산시 내삼미동 896번지,Y,1,15,37.90121361,127.0591335,
1730,햇님어린이집,경기도 오산시 내삼미동 896번지,Y,3,5,37.8835476,127.1841688,
1731,새동산어린이집,경기도 오산시 내삼미동 896번지,Y,5,5m,37.403374,126.918213,
1732,JY유아스쿨어린이집,경기도 오산시 내삼미동 896번지,Y,5,7,37.8945727,127.196414,
1733,소요초등학교 병설유치원,경기도 오산시 누읍동 503-2번지,Y,1,16,37.94849024,127.0540288,
1734,예솔유치원,경기도 오산시 누읍동 503-2번지,Y,1,16,37.91186617,127.0662698,
1735,지엘유치원,경기도 오산시 누읍동 503-2번지,Y,,6,37.81920885,127.0663141,
1736,장흥어린이집,경기도 오산시 누읍동 503-2번지,Y,,4,37.71060969,126.933076,
1737,이튼스쿨어린이집,경기도 오산시 누읍동 621번지 휴먼시아,Y,,8,37.820813,127.045179,
1738,옥정숲속어린이집,경기도 오산시 누읍동 621번지 휴먼시아,Y,,3,37.849523,127.1013639,
1739,유니유치원(유니어린이집),경기도 오산시 누읍동 621번지 휴먼시아,Y,,4,37.79755268,127.0736068,
1740,송랑유치원,경기도 오산시 누읍동 621번지 휴먼시아,Y,,8,37.78956206,127.0804833,
1741,우정유치원,경기도 오산시 누읍동 626-4번지,Y,,4,37.803587,127.0711646,
1742,회천어린이집,경기도 오산시 누읍동 626-4번지,Y,,12,37.844843,127.066671,
1743,푸른옥어린이집,경기도 오산시 누읍동 626-4번지,Y,,8,37.72115001,126.9448664,
1744,남면초등학교,경기도 오산시 누읍동 626-4번지,Y,,6,37.89386705,126.9757569,
1745,송추초등학교,경기도 오산시 누읍동 627-1번지,Y,,30,37.71577493,126.9702304,
1746,회천초등학교,경기도 오산시 누읍동 627-1번지,Y,,12,37.83265642,127.0696113,
1747,삼숭초등학교,경기도 오산시 누읍동 627-1번지,Y,,12,37.796703,127.108117,
1748,행전어린이집,경기도 오산시 누읍동 627-1번지,Y,,4,37.840824,127.066909,
1749,예인프리스쿨(예인어린이집),경기도 오산시 누읍동 629-6번지,Y,,4,37.8405571,127.0844332,
1750,남면어린이집,경기도 오산시 누읍동 629-6번지,Y,,8,37.899225,126.976108,
1751,해맑은어린이집,경기도 오산시 누읍동 629-6번지,Y,1,6,37.61693972,126.7127763,
1752,예인어린이집,경기도 오산시 누읍동 629-6번지,Y,1,3,37.71934151,126.5914767,
1753,시립학운어린이집,경기도 오산시 벌음동 329번지,Y,1,8,37.60525521,126.5921739,
1754,가현도담유치원,경기도 오산시 벌음동 329번지,Y,1,4,37.63886117,126.6451083,
1755,감정초병설유치원,경기도 오산시 벌음동 329번지,Y,1,21,37.62347161,126.6953321,
1756,고창초병설유치원,경기도 오산시 벌음동 329번지,Y,1,10,37.64594838,126.6725487,
1757,고촌초병설유치원,경기도 오산시 부산동 778-4번지,Y,1,7,37.60614156,126.7733717,
1758,금성초병설유치원,경기도 오산시 부산동 778-4번지,Y,1,6,37.74486147,126.6324577,
1759,금파초병설유치원,경기도 오산시 부산동 778-4번지,Y,1,12,37.62424159,126.7167792,
1760,김포은솔유치원,경기도 오산시 부산동 778-4번지,Y,1,16,37.64462635,126.6356102,
1761,꿈나무유치원,경기도 오산시 부산동 779-1번지 오산운암3단지주공아파트,Y,1,5,37.62627671,126.7031223,
1762,다사랑유치원,경기도 오산시 부산동 779-1번지 오산운암3단지주공아파트,Y,1,3,37.6218874,126.6899338,
1763,다솜유치원,경기도 오산시 부산동 779-1번지 오산운암3단지주공아파트,N,0,6,37.59854081,126.721054,
1764,대명초병설유치원,경기도 오산시 부산동 779-1번지 오산운암3단지주공아파트,Y,1,10,37.64842523,126.5535793,
1765,마송초병설유치원,경기도 오산시 부산동 794번지,Y,1,15,37.68444153,126.6063018,
1766,모담유치원,경기도 오산시 부산동 794번지,Y,2,4,37.6507369,126.6841922,
1767,사과나무유치원,경기도 오산시 부산동 794번지,Y,1,11,37.64144989,126.6900779,
1768,샘재유치원,경기도 오산시 부산동 794번지,N,0,4,37.64788656,126.6991655,
1769,제니키스어린이집,경기도 오산시 서동 125-2번지 신동아아파트,Y,5,5m,37.3918826,126.9785875,
1770,예원어린이집,경기도 오산시 서동 125-2번지 신동아아파트,Y,,6,37.78564241,126.985192,
1771,샘내어린이집,경기도 오산시 서동 125-2번지 신동아아파트,Y,,3,37.80373726,127.0439034,
1772,곰두리어린이집,경기도 오산시 서동 125-2번지 신동아아파트,Y,,6,37.80144016,127.090661,
1773,만송어린이집,경기도 오산시 서동 129-10번지,Y,,8,37.796738,127.095919,
1774,캐슬아이어린이집,경기도 오산시 서동 129-10번지,Y,,8,37.7973766,127.0932402,
1775,백석어린이집,경기도 오산시 서동 129-10번지,Y,,4,37.79286115,126.9871842,
1776,천보초등학교,경기도 오산시 서동 129-10번지,Y,,8,37.83355046,127.0949715,
1777,봉암초등학교,경기도 오산시 서동 275번지,Y,,6,37.9108468,127.005754,
1778,석정초병설유치원,경기도 오산시 서동 275번지,Y,1,10,37.67365061,126.5541217,
1779,수남초병설유치원,경기도 오산시 서동 275번지,Y,1,9,37.62889841,126.5883851,
1780,신곡초병설유치원,경기도 오산시 서동 275번지,Y,1,10,37.59671165,126.7664285,
1781,신안유치원,경기도 오산시 세교동 401번지 펀키즈유치원,Y,1,7,37.61923435,126.699348,
1782,신풍초병설유치원,경기도 오산시 세교동 401번지 펀키즈유치원,Y,1,5,37.61302763,126.7265847,
1783,양곡숲유치원,경기도 오산시 세교동 401번지 펀키즈유치원,Y,1,8,37.66299067,126.6318856,
1784,양도초병설유치원,경기도 오산시 세교동 401번지 펀키즈유치원,Y,1,9,37.6029114,126.7204503,
1785,에릭한유치원,경기도 오산시 세교동 603-2번지,N,0,4,37.64809487,126.6631506,
1786,영재유치원,경기도 오산시 세교동 603-2번지,Y,1,18,37.61238078,126.7253414,
1787,예그랑유치원,경기도 오산시 세교동 603-2번지,Y,1,15,37.59754327,126.7246268,
1788,예은유치원,경기도 오산시 세교동 603-2번지,N,0,11,37.64059264,126.6696634,
1789,예일유치원,경기도 오산시 세교동 623번지,Y,1,10,37.59582248,126.7524877,
1790,조은유치원,경기도 오산시 세교동 623번지,Y,2,6,37.62333567,126.7101854,
1791,예진유치원,경기도 오산시 세교동 623번지,Y,1,8,37.63387458,126.7082729,
1792,옹정초병설유치원,경기도 오산시 세교동 623번지,Y,1,6,37.69409118,126.5638952,
1793,월곶초병설유치원,경기도 오산시 수청동 407-4번지,Y,1,8,37.71771201,126.5521777,
1794,이화몬테소리유치원,경기도 오산시 수청동 407-4번지,Y,1,7,37.60581319,126.7245002,
1795,자연아이유치원,경기도 오산시 수청동 407-4번지,N,0,3,37.68275899,126.6004146,
1796,늘품자연유치원,경기도 오산시 수청동 407-4번지,Y,1,4,37.61404985,126.7591054,
1797,풍무숙명유치원,경기도 오산시 수청동 47-1번지,Y,1,16,37.60734416,126.7312715,
1798,가현초,경기도 오산시 수청동 47-1번지,Y,1,15,37.63808092,126.6740029,
1799,감정1초,경기도 오산시 수청동 47-1번지,Y,1,16,37.63541532,126.6793542,
1800,감정초교,경기도 오산시 수청동 47-1번지,Y,1,21,37.62347161,126.6953321,
1801,개곡초교,경기도 오산시 수청동 514번지 오산이화유치원,Y,1,6,37.73204354,126.5936346,
1802,고창초교,경기도 오산시 수청동 514번지 오산이화유치원,Y,1,10,37.64594838,126.6725487,
1803,참조은유치원,경기도 오산시 수청동 514번지 오산이화유치원,Y,3,7,37.62157249,126.7153983,
1804,통진초병설유치원,경기도 오산시 수청동 514번지 오산이화유치원,Y,1,10,37.69388669,126.5944192,
1805,통진푸른유치원,경기도 오산시 수청동 519-3번지,Y,1,4,37.69489088,126.6046501,
1806,프라임운양유치원,경기도 오산시 수청동 519-3번지,Y,1,8,37.65098683,126.6977977,
1807,하늘빛유치원,경기도 오산시 수청동 519-3번지,Y,2,6,37.60244569,126.7188808,
1808,하성초병설유치원,경기도 오산시 수청동 519-3번지,Y,1,9,37.72067128,126.6325732,
1809,한강유치원,경기도 오산시 수청동 528-1번지,N,0,8,37.65385782,126.6305965,
1810,화인유치원,경기도 오산시 수청동 528-1번지,Y,2,9,37.64684805,126.6828897,
1811,이든유치원,경기도 오산시 수청동 528-1번지,Y,1,13,37.64405023,126.6767428,
1812,시립초롱어린이집,경기도 오산시 수청동 528-1번지,Y,3, ,37.535679,127.1954666,
1813,유니온어린이집,경기도 오산시 수청동 534-1번지,Y,4, ,37.5429037,127.2207731,
1814,예지유치원,경기도 오산시 수청동 534-1번지,Y,2,6,37.427277,127.001806,
1815,시립문원어린이집,경기도 오산시 수청동 534-1번지,Y,15,6,37.425357,127.009508,
1816,관양초등학교,경기도 오산시 수청동 534-1번지,Y,15,4~8m,37.406221,126.959865,
1817,덕현초등학교,경기도 오산시 수청동 557번지,Y,15,8m,37.799286,127.080592,
1818,나눔초등학교,경기도 오산시 수청동 557번지,Y,9,6~17m,37.390556,126.975558,
1819,호암초등학교,경기도 오산시 수청동 557번지,Y,23,5m,37.420801,126.916618,
1820,박달초등학교,경기도 오산시 수청동 557번지,Y,10,8m,37.400748,126.902676,
1821,바롬새롬어린이집,경기도 오산시 수청동 584번지,Y,5, ,37.518856,127.224028,
1822,시립은방울어린이집,경기도 오산시 수청동 584번지,Y,5, ,37.5417056,127.2157954,
1823,푸른숲속 유치원,경기도 오산시 수청동 584번지,Y,5, ,37.527287,127.1966393,
1824,구산유치원,경기도 오산시 수청동 584번지,Y,3, ,37.5701223,127.1857675,
1825,미담유치원,경기도 오산시 수청동 624번지,Y,5, ,37.569229,127.182555,
1826,미사랑유치원,경기도 오산시 수청동 624번지,Y,3, ,37.557375,127.189678,
1827,달봄유치원,경기도 오산시 수청동 624번지,Y,5, ,37.569311,127.182563,
1828,금강유치원,경기도 오산시 수청동 624번지,Y,8, ,37.5421359,127.2189378,
1829,하남유치원,경기도 오산시 양산동 359-3번지 양산새마을금고,Y,4, ,37.5433419,127.2215484,
1830,솔로몬어린이집,경기도 오산시 양산동 359-3번지 양산새마을금고,Y,4, ,37.5344545,127.2035281,
1831,열린어린이집,경기도 오산시 양산동 359-3번지 양산새마을금고,Y,4, ,37.5426621,127.1757734,
1832,청뜰어린이집,경기도 오산시 양산동 359-3번지 양산새마을금고,Y,3, ,37.5468715,127.1829033,
1833,써니힐유치원,경기도 오산시 양산동 667-3번지,Y,4, ,37.5470594,127.2045763,
1834,신평초등학교,경기도 오산시 양산동 667-3번지,Y,9, ,37.5440419,127.2152907,
1835,덕풍초등학교,경기도 오산시 양산동 667-3번지,Y,6, ,37.5411281,127.1977574,
1836,위례초등학교,경기도 오산시 양산동 667-3번지,Y,13, ,37.4772927,127.1486256,
1837,한홀초등학교,경기도 오산시 오산동 25번지,Y,5, ,37.556426,127.185175,
1838,고골초등학교,경기도 오산시 오산동 25번지,Y,4, ,37.5182756,127.1974392,
1839,산곡초등학교,경기도 오산시 오산동 25번지,Y,6, ,37.5038962,127.2345825,
1840,부안초등학교,경기도 오산시 오산동 25번지,Y,5,16m,37.397861,126.954477,
1841,삼성초등학교,경기도 오산시 오산동 324-26번지,Y,15,4~6m,37.419579,126.911897,
1842,석수초등학교,경기도 오산시 오산동 324-26번지,Y,34,4~12m,37.4051171,126.9015093,
1843,해솔학교,경기도 오산시 오산동 324-26번지,Y,5,5m,37.434584,126.913879,
1844,명학초등학교,경기도 오산시 오산동 324-26번지,Y,18,5m,37.3808147,126.9347481,
1845,신안초등학교,경기도 오산시 오산동 34-5번지,Y,13,7m,37.389766,126.914732,
1846,안양초등학교,경기도 오산시 오산동 34-5번지,Y,36,6m,37.394194,126.927424,
1847,호원초등학교,경기도 오산시 오산동 34-5번지,Y,10,9m,37.375447,126.952922,
1848,제나유치원,경기도 오산시 오산동 34-5번지,Y,8,9m,37.374501,126.954606,
1849,백산유치원,경기도 오산시 오산동 524-1번지,Y,5,7m,37.379368,126.935802,
1850,삼호유치원,경기도 오산시 오산동 524-1번지,Y,11,5m,37.404134,126.944869,
1851,예그랑유치원,경기도 오산시 오산동 524-1번지,Y,10,6m,37.380399,126.953397,
1852,원광어린이집(시립),경기도 오산시 오산동 524-1번지,Y,9,4~5m,37.417264,126.907784,
1853,"한마음,그림유치원",경기도 오산시 오산동 794-2번지 혜명유치원,Y,1,15.5,37.3624385,126.9221786,
1854,산본유치원,경기도 오산시 오산동 794-2번지 혜명유치원,Y,1,15.5,37.36771025,126.9321662,
1855,에덴유치원,경기도 오산시 오산동 794-2번지 혜명유치원,Y,1,5.5,37.37129892,126.9368369,
1856,우성유치원,경기도 오산시 오산동 794-2번지 혜명유치원,Y,1,16,37.37336206,126.9331817,
1857,청운유치원,경기도 오산시 오산동 833-5번지,Y,1,13.5,37.36557544,126.9334961,
1858,소아유치원,경기도 오산시 오산동 833-5번지,Y,1,10,37.34446212,126.9507587,
1859,산본어린이집,경기도 오산시 오산동 833-5번지,Y,1,8,37.36197383,126.9282882,
1860,군포근로복지공단어린이집,경기도 오산시 오산동 833-5번지,Y,1,10,37.36739806,126.9414596,
1861,군포시립군포1동어린이집,경기도 오산시 오산동 844-7번지 오산감리교회,Y,2,8,37.35229259,126.9436435,
1862,숲속반디어린이집,경기도 오산시 오산동 844-7번지 오산감리교회,Y,1,6.5,37.35333028,126.9396014,
1863,신나는피노키오어린이집,경기도 오산시 오산동 844-7번지 오산감리교회,Y,1,6,37.34727496,126.9462154,
1864,동심어린이집,경기도 오산시 오산동 844-7번지 오산감리교회,Y,1,11,37.65614256,126.7925455,
1865,군포초교,경기도 오산시 오산동 861-14번지,Y,8,5,37.34828593,126.942418,
1866,군포양정초교,경기도 오산시 오산동 861-14번지,Y,5,16,37.35933167,126.9406667,
1867,흥진초교,경기도 오산시 오산동 861-14번지,Y,2,7,37.35390791,126.9284088,
1868,둔전초교,경기도 오산시 오산동 861-14번지,Y,3,22,37.36146684,126.9244146,
1869,궁내초교,경기도 오산시 오산동 862-1번지,Y,3,8.5,37.36460474,126.9201675,
1870,둔대초교,경기도 오산시 오산동 862-1번지,Y,2,13.5,37.3271896,126.9110673,
1871,신흥초교,경기도 오산시 오산동 862-1번지,Y,2,22.5,37.35645849,126.9265778,
1872,수리초교,경기도 오산시 오산동 862-1번지,Y,4,8.5,37.36039221,126.9180809,
1873,신장초등학교,경기도 오산시 오산동 912-7번지 동화마을어린이집,Y,9, ,37.542253,127.2079532,
1874,창우초등학교,경기도 오산시 오산동 912-7번지 동화마을어린이집,Y,4, ,37.5404007,127.2236715,
1875,시립숲속어린이집,경기도 오산시 오산동 912-7번지 동화마을어린이집,N,,8,37.209347,127.055734,
1876,병점뉴질랜드어린이집,경기도 오산시 오산동 912-7번지 동화마을어린이집,Y,,10,37.20919389,127.0371171,
1877,정현초등학교,경기도 오산시 오산동 919-16번지 미앤미피부관리센타,N,,10~25,37.17122296,127.112911,
1878,한율초등학교,경기도 오산시 오산동 919-16번지 미앤미피부관리센타,N,,10~34,37.18646798,127.1228323,
1879,아인초등학교,경기도 오산시 오산동 919-16번지 미앤미피부관리센타,Y,,25,37.20072078,127.1053844,
1880,청계유치원,경기도 오산시 오산동 919-16번지 미앤미피부관리센타,Y,,25,37.20113297,127.1079982,
1881,청목초등학교,경기도 오산시 오산동 923-1번지,Y,,18,37.19552844,127.1177782,
1882,예솔초등학교,경기도 오산시 오산동 923-1번지,Y,,20,37.1962747,127.1194125,
1883,무봉유치원,경기도 오산시 오산동 923-1번지,Y,,10,37.20372198,127.1237157,
1884,영천유치원,경기도 오산시 오산동 923-1번지,Y,,12.5,37.20491794,127.107305,
1885,동탄유치원,경기도 오산시 외삼미동 150-5번지 자연유치원,N,,22,37.19121767,127.0906063,
1886,영천초등학교,경기도 오산시 외삼미동 150-5번지 자연유치원,Y,,18,37.20552427,127.1042757,
1887,솔빛유치원,경기도 오산시 외삼미동 150-5번지 자연유치원,N,, ,37.1962497,127.0703944,
1888,무봉초등학교,경기도 오산시 외삼미동 150-5번지 자연유치원,Y,,20.5~31.5,37.20282764,127.1169669,
1889,서연초등학교,경기도 오산시 외삼미동 158-4번지,N,,25~30,37.16011195,127.1141333,
1890,왕배초등학교,경기도 오산시 외삼미동 158-4번지,N,,10,37.18010706,127.113104,
1891,부곡중앙초교,경기도 오산시 외삼미동 158-4번지,Y,3,10,37.32293734,126.9408397,
1892,파란마음하얀마음유치원,경기도 오산시 외삼미동 158-4번지,Y,1,14,37.35559521,126.9211614,
1893,아사랑어린이집,경기도 오산시 외삼미동 179-7번지,Y,1,4,37.35979992,126.9476964,
1894,송안초교,경기도 오산시 외삼미동 179-7번지,Y,10,18,37.3176304,126.9210199,
1895,천사몬테소리유치원,경기도 오산시 외삼미동 179-7번지,Y,8,9,37.36586652,126.9229652,
1896,태을초교,경기도 오산시 외삼미동 179-7번지,Y,9,16,37.37203321,126.9263326,
1897,군포옥천초교,경기도 오산시 외삼미동 290-3번지,Y,2,8,37.34382021,126.9453654,
1898,용호초교,경기도 오산시 외삼미동 290-3번지,Y,3,13,37.34225378,126.9408073,
1899,오금초교,경기도 오산시 외삼미동 290-3번지,Y,4,8,37.34800287,126.9259811,
1900,당동초교,경기도 오산시 외삼미동 290-3번지,Y,4,17,37.34602293,126.9394004,
1901,당정초교,경기도 오산시 원동 121-1번지,Y,5,8,37.34633279,126.9548842,
1902,군포대야초교,경기도 오산시 원동 121-1번지,Y,3,8,37.32940186,126.9150545,
1903,한얼초교,경기도 오산시 원동 121-1번지,Y,2,27.5,37.36595343,126.935717,
1904,군포신기초등학교,경기도 오산시 원동 121-1번지,Y,4,14.2,37.33857689,126.9328975,
1905,리라유치원,경기도 오산시 원동 30-22번지,Y,1,8,37.36548198,126.9441614,
1906,숲속해아뜰유치원,경기도 오산시 원동 30-22번지,Y,4,16.5,37.32338388,126.9400993,
1907,군포시립당정동어린이집,경기도 오산시 원동 30-22번지,Y,1,17,37.34932321,126.9578524,
1908,군포화산초교,경기도 오산시 원동 30-22번지,Y,2,15,37.35329693,126.934532,
1909,도장초교,경기도 오산시 원동 360-19번지,Y,3,10,37.34871665,126.9236111,
1910,관모초교,경기도 오산시 원동 360-19번지,Y,5,5.5,37.37622998,126.9380702,
1911,치동초등학교,경기도 오산시 원동 360-19번지,N,,8~34,37.20657962,127.0916379,
1912,다원초등학교,경기도 오산시 원동 360-19번지,N,,10,37.21252848,127.1109093,
1913,화성나래학교,경기도 오산시 원동 404-10번지,N,,6~44,37.17667039,127.1072436,
1914,청림초등학교,경기도 오산시 원동 404-10번지,Y,,10,37.17453109,127.111497,
1915,동탄목동초등학교,경기도 오산시 원동 404-10번지,Y,,10,37.18922349,127.1244697,
1916,설운몬테소리어린이집,경기도 오산시 원동 404-10번지,Y,3,7,37.8504649,127.149831,
1917,해운초등학교,경기도 오산시 원동 404-10번지,Y,,25,37.230737,126.699251,
1918,서신초등학교,경기도 오산시 원동 404-10번지,Y,,28,37.171235,126.707669,
1919,마산초등학교,경기도 오산시 원동 404-10번지,Y,,8,37.231276,126.692343,
1920,고정초등학교,경기도 오산시 원동 404-10번지,Y,,8,37.238431,126.738377,
1921,파란나라어린이집,경기도 오산시 원동 494-2번지,Y,8,6,37.9558891,127.3223667,
1922,창수어린이집,경기도 오산시 원동 494-2번지,Y,5,6,38.0188249,127.1816647,
1923,청원초등학교,경기도 오산시 원동 494-2번지,N,,11,37.203755,126.774062,
1924,마도초등학교,경기도 오산시 원동 494-2번지,Y,,7,37.206577,126.822092,
1925,남양초등학교,경기도 오산시 원동 621번지,Y,,13,37.210547,126.815501,
1926,청룡초등학교,경기도 오산시 원동 621번지,Y,,10,37.253381,126.882501,
1927,비봉초등학교,경기도 오산시 원동 621번지,Y,,12,37.264159,126.862783,
1928,에코새싹유치원,경기도 오산시 원동 621번지,N,0,5,37.73570688,126.5589862,
1929,예원유치원,경기도 오산시 원동 639-13번지,Y,1,7,37.62297814,126.7245553,
1930,장기초병설유치원,경기도 오산시 원동 639-13번지,Y,1,17,37.6424329,126.6644191,
1931,개곡초병설유치원,경기도 오산시 원동 639-13번지,Y,1,6,37.73204354,126.5936346,
1932,금란초병설유치원,경기도 오산시 원동 639-13번지,Y,1,8,37.60765658,126.7511373,
1933,김포서초병설유치원,경기도 오산시 원동 752-2번지 근혜유치원,Y,1,12,37.62902748,126.7017265,
1934,누리유치원,경기도 오산시 원동 752-2번지 근혜유치원,Y,1,10,37.60798987,126.7674294,
1935,대곶초병설유치원,경기도 오산시 원동 752-2번지 근혜유치원,Y,1,7,37.65206256,126.584811,
1936,리라유치원,경기도 오산시 원동 752-2번지 근혜유치원,N,0,3,37.69712567,126.592491,
1937,보아유치원,경기도 오산시 원동 760-5번지,Y,1,4,37.64808427,126.6582442,
1938,중앙유치원,경기도 오산시 원동 760-5번지,Y,1,8,37.60680049,126.7208108,
1939,운양초병설유치원,경기도 오산시 원동 760-5번지,Y,1,8,37.64621239,126.6900825,
1940,서암초병설유치원,경기도 오산시 원동 760-5번지,Y,1,9,37.6999976,126.605205,
1941,유현초병설유치원,경기도 오산시 원동 805번지,Y,1,9,37.59899302,126.7262239,
1942,양곡초병설유치원,경기도 오산시 원동 805번지,Y,1,6,37.65584193,126.6220146,
1943,진명유치원,경기도 오산시 원동 805번지,Y,1,3,37.62601916,126.7258175,
1944,봉담초등학교,경기도 오산시 원동 805번지,Y,,8,37.222281,126.946602,
1945,수영초등학교,경기도 오산시 원동 807-4번지,Y,,20,37.236145,126.954272,
1946,상봉초등학교,경기도 오산시 원동 807-4번지,Y,,27,37.220646,126.954475,
1947,동화초등학교,경기도 오산시 원동 807-4번지,Y,,26,37.216129,126.961858,
1948,와우초등학교,경기도 오산시 원동 807-4번지,Y,,14,37.219483,126.972371,
1949,수기초등학교,경기도 오산시 원동 807번지 동부삼환아파트,Y,,12,37.218334,126.954716,
1950,팔탄초등학교,경기도 오산시 원동 807번지 동부삼환아파트,Y,,12,37.158795,126.902109,
1951,팔탄초대방분교,경기도 오산시 원동 807번지 동부삼환아파트,Y,,8,37.159932,126.902408,
1952,월문초등학교,경기도 오산시 원동 807번지 동부삼환아파트,Y,,11,37.118722,126.872906,
1953,화수초등학교,경기도 오산시 원동 815-5번지,Y,,8,37.108314,126.797612,
1954,장안초석포분교,경기도 오산시 원동 815-5번지,Y,,10,37.131098,126.840006,
1955,노진초등학교,경기도 오산시 원동 815-5번지,Y,,8,37.051787,126.809195,
1956,장명초장일분교,경기도 오산시 원동 815-5번지,Y,,4,37.056704,126.851595,
1957,발안초등학교,경기도 오산시 은계동 20-1번지,Y,,25,37.130593,126.911834,
1958,사창초등학교,경기도 오산시 은계동 20-1번지,Y,,9,37.091862,126.972922,
1959,행정초등학교,경기도 오산시 은계동 20-1번지,Y,,28,37.126814,126.923569,
1960,한울초등학교,경기도 오산시 은계동 20-1번지,Y,,30,37.127137,126.917616,
1961,향남초등학교,경기도 오산시 은계동 2-5번지,Y,,10,37.119271,126.942698,
1962,통진도담유치원,경기도 오산시 은계동 2-5번지,N,0,5,37.68603382,126.5916801,
1963,풍무초병설유치원,경기도 오산시 은계동 2-5번지,Y,2,9,37.6050882,126.7266294,
1964,프라임유치원,경기도 오산시 은계동 2-5번지,Y,1,4,37.65184576,126.6264918,
1965,학운초병설유치원,경기도 오산시 은계동 33번지,Y,2,8,37.62029834,126.624863,
1966,효성유치원,경기도 오산시 은계동 33번지,Y,2,10,37.60640104,126.7549637,
1967,아이킹어린이집,경기도 오산시 은계동 33번지,Y,4, ,37.5294339,127.2118185,
1968,명성어린이집,경기도 오산시 은계동 33번지,Y,4, ,37.5503424,127.2005339,
1969,위례유치원,경기도 오산시 은계동 3-7번지,Y,13, ,37.476754,127.152213,
1970,동부제일유치원,경기도 오산시 은계동 3-7번지,Y,3, ,37.5390071,127.1966656,
1971,사랑나무어린이집,경기도 오산시 은계동 3-7번지,Y,4, ,37.5420516,127.1972348,
1972,소화유치원,경기도 오산시 은계동 3-7번지,Y,4, ,37.541067,127.204426,
1973,망월초등학교,경기도 오산시 은계동 72-7번지 해에게서소년에게어린이집,Y,9, ,37.5709935,127.180832,
1974,윤슬초등학교,경기도 오산시 은계동 72-7번지 해에게서소년에게어린이집,Y,5, ,37.563758,127.182724,
1975,동부초등학교,경기도 오산시 은계동 72-7번지 해에게서소년에게어린이집,Y,13, ,37.5372572,127.2021327,
1976,걸포초교,경기도 오산시 은계동 72-7번지 해에게서소년에게어린이집,Y,1,8,37.63359292,126.707541,
1977,동탄중앙초등학교,경기도 오산시 은계동 78번지,Y,,20,37.19902174,127.1111041,
1978,군포유치원,경기도 오산시 은계동 78번지,Y,1,10,37.3528424,126.9442339,
1979,다올어린이집,경기도 오산시 은계동 78번지,Y,1,8,37.3514184,126.9434494,
1980,나무오리어린이집,경기도 오산시 은계동 78번지,Y,1,5,37.34618269,126.9457421,
1981,푸른꿈유치원,경기도 오산시 지곶동 559-1번지,Y,1,18,37.35532104,126.9352249,
1982,금정초교,경기도 오산시 지곶동 559-1번지,Y,2,10,37.36664476,126.9413789,
1983,대야행복한어린이집,경기도 오산시 지곶동 559-1번지,Y,1,7.5,37.32863943,126.9200122,
1984,능내초교,경기도 오산시 지곶동 559-1번지,Y,5,8.5,37.35487098,126.9214376,
1985,광정초교,경기도 오산시 청학동 17번지 오산대학,Y,5,8.5,37.36595937,126.9305923,
1986,홍하유치원,경기도 오산시 청학동 17번지 오산대학,Y,1,8.5,37.35911434,126.9385448,
1987,산본초교,경기도 오산시 청학동 17번지 오산대학,Y,3,7,37.36877285,126.9345454,
1988,곡란초교,경기도 오산시 청학동 17번지 오산대학,Y,4,10,37.37425424,126.9338315,
1989,송라초등학교,경기도 오산시 청학동 73-1번지 노틀담수녀원,Y,,8,37.272781,126.888871,
1990,장안초등학교,경기도 오산시 청학동 73-1번지 노틀담수녀원,Y,,7,37.085735,126.824068,
1991,무지개어린이집,경기도 오산시 청학동 73-1번지 노틀담수녀원,Y,,3,37.191551,126.941783,
1992,섭리유치원,경기도 오산시 청학동 73-1번지 노틀담수녀원,Y,,5,37.195404,126.935345,
1993,마리아의종어린이집,경기도 오산시 청학동 8-6번지,Y,,19,37.210177,126.955644,
1994,이화유치원,경기도 오산시 청학동 8-6번지,Y,,20,37.210052,126.959281,
1995,시연유치원,경기도 오산시 청학동 8-6번지,Y,,27,37.218325,126.956214,
1996,갈담초등학교,경기도 오산시 청학동 8-6번지,Y,,19,37.174874,126.932508,
1997,제암초등학교,경기도 오산시 청호동 40-1번지,Y,,22,37.131358,126.902324,
1998,화성청계초등학교,경기도 오산시 청호동 40-1번지,N,,16,37.19911083,127.1019693,
1999,우정초등학교,경기도 오산시 청호동 40-1번지,Y,,10,37.080903,126.801611,
2000,한백초등학교,경기도 오산시 청호동 40-1번지,Y,,6~10,37.20808283,127.1147218,
,,오산시,,1014,,,,42.74
